exchange,ticker,company,cohort,director,independent,level,evidence_grade,sources
ASX,TLS,Telstra,ASX300,Craig Dunn,Y,1,V,TLS AR2026 pp34-37; TLS CGS2026
ASX,TLS,Telstra,ASX300,Vicki Brady,N,2,V,TLS AR2026 pp34-37; TLS CGS2026
ASX,TLS,Telstra,ASX300,Eelco Blok,Y,4,V,TLS AR2026 pp34-37; TLS CGS2026
ASX,TLS,Telstra,ASX300,Maxine Brenner,Y,1,V,TLS AR2026 pp34-37; TLS CGS2026
ASX,TLS,Telstra,ASX300,Roy Chestnutt,Y,2,V,TLS AR2026 pp34-37; TLS CGS2026
ASX,TLS,Telstra,ASX300,Holly Kramer,Y,2,V,TLS AR2026 pp34-37; TLS CGS2026
ASX,TLS,Telstra,ASX300,David Lamont,Y,1,V,TLS AR2026 pp34-37; TLS CGS2026
ASX,TLS,Telstra,ASX300,Ming Long AM,Y,1,V,TLS AR2026 pp34-37; TLS CGS2026
ASX,TLS,Telstra,ASX300,Bridget Loudon,Y,2,V,TLS AR2026 pp34-37; TLS CGS2026
ASX,TPG,TPG Telecom,ASX300,Canning Fok,N,2,V,TPG AR2025; ASX board changes 2026; TPG CGS FY25
ASX,TPG,TPG Telecom,ASX300,Iñaki Berroeta,N,4,V,TPG AR2025; ASX board changes 2026; TPG CGS FY25; Business Today Malta 2007
ASX,TPG,TPG Telecom,ASX300,Nerida Caesar,Y,2,V,TPG AR2025; ASX board changes 2026; TPG CGS FY25
ASX,TPG,TPG Telecom,ASX300,Paula Dwyer,Y,1,V,TPG AR2025; ASX board changes 2026; TPG CGS FY25
ASX,TPG,TPG Telecom,ASX300,Pierre Klotz,N,2,V,TPG AR2025; ASX board changes 2026; TPG CGS FY25
ASX,TPG,TPG Telecom,ASX300,Antony Moffatt,N,2,V,TPG AR2025; ASX board changes 2026; TPG CGS FY25
ASX,TPG,TPG Telecom,ASX300,Dr Helen Nugent AC,Y,3,V,TPG AR2025; ASX board changes 2026; TPG CGS FY25
ASX,TPG,TPG Telecom,ASX300,John Otty,N,4,V,TPG AR2025; ASX board changes 2026; TPG CGS FY25
ASX,TPG,TPG Telecom,ASX300,Frank Sixt,N,2,V,TPG AR2025; ASX board changes 2026; TPG CGS FY25
ASX,TPG,TPG Telecom,ASX300,Jack Teoh,N,1,V,TPG AR2025; ASX board changes 2026; TPG CGS FY25
ASX,ABB,Aussie Broadband,ASX300,Adrian Fitzpatrick,Y,1,V,ABB AR2026; CGS FY26; ASX 2026; NoM 2026
ASX,ABB,Aussie Broadband,ASX300,Sue Klose,Y,1,V,ABB AR2026; CGS FY26; ASX 2026; NoM 2026
ASX,ABB,Aussie Broadband,ASX300,Sarah Adam-Gedge,Y,2,V,ABB AR2026; CGS FY26; ASX 2026; NoM 2026
ASX,ABB,Aussie Broadband,ASX300,Michael Omeros,N,4,V,ABB AR2026; CGS FY26; ASX 2026; NoM 2026
ASX,ABB,Aussie Broadband,ASX300,Jean-Baptiste Rousselot,Y,4,V,ABB AR2026; CGS FY26; ASX 2026; NoM 2026
ASX,SLC,Superloop,ASX300,Peter O'Connell,Y,2,V,SLC AR2025; CGS 2025
ASX,SLC,Superloop,ASX300,Paul Tyler,N,4,V,SLC AR2025; CGS 2025
ASX,SLC,Superloop,ASX300,Drew Kelton,Y,4,V,SLC AR2025; CGS 2025
ASX,SLC,Superloop,ASX300,Alexandra Crammond,Y,2,V,SLC AR2025; NoM 2025
ASX,SLC,Superloop,ASX300,Helen Livesey,Y,1,V,SLC AR2025; NoM 2025
ASX,SLC,Superloop,ASX300,Tony Clark,Y,5,V,SLC AR2025; AMPAS 2010 Sci-Tech; AWN Oct 2022
ASX,SLC,Superloop,ASX300,Vivian Stewart,Y,2,V,SLC AR2025
ASX,SLC,Superloop,ASX300,Gareth Turner,Y,2,V,SLC AR2025
ASX,NXT,NextDC,ASX300,Douglas Flynn,Y,4,V,NXT AR FY26; CGS FY26
ASX,NXT,NextDC,ASX300,Craig Scroggie,N,2,V,NXT AR FY26; CGS FY26
ASX,NXT,NextDC,ASX300,Dr Eileen Doyle,Y,4,V,NXT AR FY26; CGS FY26
ASX,NXT,NextDC,ASX300,Jamaludin Ibrahim,Y,5,V,NXT AR FY26; Dialog Axiata disclosure
ASX,NXT,NextDC,ASX300,Deborah Page AM,Y,1,V,NXT AR FY26
ASX,NXT,NextDC,ASX300,Stuart Davis,Y,1,V,NXT AR FY26
ASX,NXT,NextDC,ASX300,Stephen Smith,Y,4,V,NXT AR FY26
ASX,NXT,NextDC,ASX300,Maria Leftakis,Y,1,V,NXT AR FY26
ASX,MP1,Megaport,ASX300,Melinda Snowden,Y,1,V,MP1 AR FY26; CGS FY26
ASX,MP1,Megaport,ASX300,Michael Reid,N,4,V,MP1 AR FY26; CGS FY26
ASX,MP1,Megaport,ASX300,Jay Adelson,Y,5,V,MP1 AR FY26; CGS FY26; Equinix S-1 2000
ASX,MP1,Megaport,ASX300,Mohit Lad,Y,5,V,MP1 AR FY26
ASX,MP1,Megaport,ASX300,Michael Klayko,Y,4,V,MP1 AR FY26; Brocade DEF 14A 2013
ASX,MP1,Megaport,ASX300,Glo Gordon,Y,2,V,MP1 AR FY26; MarketScreener/Crunchbase
ASX,MP1,Megaport,ASX300,Jon Gidney,Y,1,V,MP1 AR FY26; ASX 19 May 2026
ASX,MAQ,Macquarie Technology Group,ASX300,Lisa Brock,Y,3,V,MAQ AR2025; ASX 2025-26; MAQ AR2026 (App4E)
ASX,MAQ,Macquarie Technology Group,ASX300,David Buckingham,Y,4,V,MAQ AR2025; ASX 2025-26; MAQ AR2026 (App4E)
ASX,MAQ,Macquarie Technology Group,ASX300,Kate Vidgen,Y,1,V,MAQ AR2025; ASX 2026
ASX,MAQ,Macquarie Technology Group,ASX300,David Tudehope,N,2,V,MAQ AR2025; ASX 2026
ASX,MAQ,Macquarie Technology Group,ASX300,Aidan Tudehope,N,4,V,MAQ AR2025; ASX 2026
NZX/ASX,CNU,Chorus,NZ,Mark Cross,Y,1,V,CNU AR2026 (manual download)
NZX/ASX,CNU,Chorus,NZ,Sue Bailey,Y,2,V,CNU AR2026 (manual download)
NZX/ASX,CNU,Chorus,NZ,Neal Barclay,Y,2,V,CNU AR2026 (manual download)
NZX/ASX,CNU,Chorus,NZ,Miriam Dean,Y,3,V,CNU AR2026 (manual download)
NZX/ASX,CNU,Chorus,NZ,Will Irving,Y,2,V,CNU AR2026 (manual download)
NZX/ASX,CNU,Chorus,NZ,Kate Jorgensen,Y,2,V,CNU NoM 2026
NZX/ASX,CNU,Chorus,NZ,Jack Matthews,Y,3,V,CNU AR2026 (manual download)
NZX/ASX,CNU,Chorus,NZ,Paul Reid,Y,1,V,CNU NoM 2026; ASX 28 Sep 2026
ASX,SWP,Swoop Holdings,SmallCap,Anthony (Tony) Grist,N,2,V,SWP AR2026; SWP CGS FY26
ASX,SWP,Swoop Holdings,SmallCap,Jonathan Pearce,N,1,V,SWP AR2026; SWP CGS FY26
ASX,SWP,Swoop Holdings,SmallCap,William (Paul) Reid,N,4,V,SWP AR2026; SWP CGS FY26
ASX,SWP,Swoop Holdings,SmallCap,Janine Rolfe,Y,1,V,SWP AR2026; SWP CGS FY26
ASX,DGT,DigiCo Infrastructure REIT,ASX300,Joseph Carrozzi AM,Y,1,V,DGT AR2026; CGS FY26
ASX,DGT,DigiCo Infrastructure REIT,ASX300,Rachel Grimes AM,Y,1,V,DGT AR2026; CGS FY26
ASX,DGT,DigiCo Infrastructure REIT,ASX300,Stephanie Lai,Y,1,V,DGT AR2026; CGS FY26
ASX,DGT,DigiCo Infrastructure REIT,ASX300,David Di Pilla,N,1,V,DGT AR2026; CGS FY26
ASX,DGT,DigiCo Infrastructure REIT,ASX300,The Hon. Kelly O'Dwyer,N,1,V,DGT AR2026; CGS FY26
ASX,5GG,Pentanet,SmallCap,David Buckingham,Y,4,V,5GG CGS FY26; MAQ AR2026 (App4E)
ASX,5GG,Pentanet,SmallCap,Stephen Cornish,N,2,V,5GG AR FY26
ASX,5GG,Pentanet,SmallCap,Timothy Cornish,N,2,V,5GG AR FY26; CGS FY26
ASX,5GG,Pentanet,SmallCap,Dalton Gooding,Y,1,V,5GG AR FY26; CGS FY26
ASX,5GG,Pentanet,SmallCap,Dominic O'Hanlon,Y,2,V,5GG AR FY26; CGS FY26
NZX/ASX,IFT,Infratil,NZ,Alison Gerry,Y,1,V,IFT AR2026 (manual download); infratil.com 18 Jun 2026
NZX/ASX,IFT,Infratil,NZ,Brad Banducci,Y,1,V,IFT AR2026 (manual download); infratil.com 18 Jun 2026
NZX/ASX,IFT,Infratil,NZ,Jason Boyes,N,1,V,IFT AR2026 (manual download); infratil.com 18 Jun 2026
NZX/ASX,IFT,Infratil,NZ,Andrew Clark,Y,4,V,IFT AR2026 (manual download); infratil.com 18 Jun 2026
NZX/ASX,IFT,Infratil,NZ,Tiffany Fuller,Y,1,V,IFT AR2026 (manual download); infratil.com 18 Jun 2026
NZX/ASX,IFT,Infratil,NZ,Paul Gough,Y,1,V,IFT AR2026 (manual download); infratil.com 18 Jun 2026
NZX/ASX,IFT,Infratil,NZ,Kirsty Mactaggart,Y,1,V,IFT AR2026 (manual download); infratil.com 18 Jun 2026
NZX/ASX,IFT,Infratil,NZ,Anne Urlwin,Y,2,V,IFT AR2026 (manual download); infratil.com 18 Jun 2026
ASX,CCG,Comms Group,SmallCap,Ryan O'Hare,Y,2,V,CCG AR2026 (manual download)
ASX,CCG,Comms Group,SmallCap,Peter McGrath,N,4,V,CCG AR2026 (manual download)
ASX,CCG,Comms Group,SmallCap,Benjamen Jennings,N,1,V,CCG AR2026 (manual download)
ASX,CCG,Comms Group,SmallCap,Claire Bibby,Y,1,V,CCG AR2026 (manual download)
ASX,CCG,Comms Group,SmallCap,Stephen Picton,Y,2,V,CCG AR2026 (manual download)
ASX,5GN,5G Networks,SmallCap,Hugh Robertson Jnr,,1,V,5GN AR FY26 (manual download)
ASX,5GN,5G Networks,SmallCap,Joseph Demase,N,2,V,5GN AR FY26 (manual download)
ASX,5GN,5G Networks,SmallCap,Natalie Mactier,,2,V,5GN AR FY26 (manual download)
ASX,5GN,5G Networks,SmallCap,Chris Scott,,1,V,5GN AR FY26 (manual download)
ASX,CYB,AUCyber (formerly Sovereign Cloud Holdings),SmallCap,Joseph Demase,N,2,V,CYB AR FY26; CGS 2026 (manual download)
ASX,CYB,AUCyber (formerly Sovereign Cloud Holdings),SmallCap,Hugh Robertson,N,1,V,CYB AR FY26; CGS 2026 (manual download)
ASX,CYB,AUCyber (formerly Sovereign Cloud Holdings),SmallCap,Conrad Morgan,Y,1,V,CYB AR FY26; CGS 2026 (manual download)
ASX,TUA,Tuas,SmallCap,David Teoh,N,2,V,TUA AR FY26; CGS (manual download)
ASX,TUA,Tuas,SmallCap,Bob Teoh,N,1,V,TUA AR FY26; CGS (manual download)
ASX,TUA,Tuas,SmallCap,Sarah Kenny,Y,1,V,TUA AR FY26; CGS (manual download)
ASX,TUA,Tuas,SmallCap,Craig Levy,Y,4,V,TUA AR FY26; CGS (manual download)
ASX,TUA,Tuas,SmallCap,Joanna Ong Joo Mien,Y,2,V,TUA AR FY26; CGS (manual download)
NZX/ASX,SPK,Spark New Zealand,NZ,Justine Smyth,,1,V,SPK AR FY26; CGS FY26 (manual download)
NZX/ASX,SPK,Spark New Zealand,NZ,Jolie Hodson,N,2,V,SPK AR FY26; CGS FY26 (manual download)
NZX/ASX,SPK,Spark New Zealand,NZ,Warwick Bray,,2,V,SPK AR FY26; CGS FY26 (manual download)
NZX/ASX,SPK,Spark New Zealand,NZ,David Havercroft,,2,V,SPK AR FY26; CGS FY26 (manual download)
NZX/ASX,SPK,Spark New Zealand,NZ,Lisa Nelson,,2,V,SPK AR FY26; CGS FY26 (manual download)
NZX/ASX,SPK,Spark New Zealand,NZ,Lindsay Wright,Y,1,V,SPK AR FY26; CGS FY26 (manual download)
NZX/ASX,SPK,Spark New Zealand,NZ,Vince Hawksworth,Y,1,V,SPK AR FY26; CGS FY26 (manual download)
NZX/ASX,SPK,Spark New Zealand,NZ,Tarek Robbiati,Y,2,V,SPK AR FY26; CGS FY26 (manual download)
unlisted,OPTUS,Optus (Singtel Optus Pty Limited),Unlisted,John Arthur,,3,V,Optus board page (2026-10-01); Optus Senate submission (Nov 2025)
unlisted,OPTUS,Optus (Singtel Optus Pty Limited),Unlisted,Andrew Parker,Y,1,V,Optus board page (2026-10-01); Optus Senate submission (Nov 2025)
unlisted,OPTUS,Optus (Singtel Optus Pty Limited),Unlisted,Michaela Browning,Y,2,V,Optus board page (2026-10-01); Optus Senate submission (Nov 2025)
unlisted,OPTUS,Optus (Singtel Optus Pty Limited),Unlisted,Stephen Rue,N,2,V,Optus board page (2026-10-01); Optus Senate submission (Nov 2025)
unlisted,OPTUS,Optus (Singtel Optus Pty Limited),Unlisted,Nicky Tan,Y,1,V,Optus board page (2026-10-01); Optus Senate submission (Nov 2025)
unlisted,OPTUS,Optus (Singtel Optus Pty Limited),Unlisted,Yuen Kuan Moon,N,4,V,Optus board page (2026-10-01); Optus Senate submission (Nov 2025)
unlisted,VOCUS,Vocus Group,Unlisted,Mark Cross,Y,1,V,Vocus website board page and director profiles (2026-10-01); rider: website only
unlisted,VOCUS,Vocus Group,Unlisted,Ani Satchcroft,,1,V,Vocus website board page and director profiles (2026-10-01); rider: website only
unlisted,VOCUS,Vocus Group,Unlisted,Patrick Flanigan AM,,2,V,Vocus website board page and director profiles (2026-10-01); rider: website only
unlisted,VOCUS,Vocus Group,Unlisted,Russell Stanners,,2,V,Vocus website board page and director profiles (2026-10-01); rider: website only
unlisted,VOCUS,Vocus Group,Unlisted,Chris Ridd,,2,V,Vocus website board page and director profiles (2026-10-01); rider: website only
unlisted,VOCUS,Vocus Group,Unlisted,Norman Chan,,4,V,Vocus website board page and director profiles (2026-10-01); rider: website only
unlisted,VOCUS,Vocus Group,Unlisted,Sylvia Wiggins,,1,V,Vocus website board page and director profiles (2026-10-01); rider: website only
